{
    "BTC/USDC:USDC": [
        {
            "profit": 40.835703130300004,
            "params": {
                "mode": "conservative",
                "multiplier": 1.8930126164125973,
                "adx_threshold": 30,
                "rsi_buy_threshold": 29,
                "rsi_sell_threshold": 74,
                "sl_multiplier_aggressive": 1.1709224367889968,
                "tp_multiplier_aggressive": 3.738720088492625,
                "sl_multiplier_conservative": 2.095927272025499,
                "tp_multiplier_conservative": 3.6615620056588463,
                "volume_threshold_ratio": 0.45841158299793816,
                "atr_threshold_ratio": 0.6013790438513988,
                "block_lateral_market": false,
                "penalty_exhaustion": 0.19601320201777717,
                "penalty_factor": 0.2990321145455456,
                "penalty_manipulation": 0.10992996184049478,
                "weights_trend": 0.18112577943179273,
                "weights_momentum": 0.16782595542087478,
                "weights_oscillators": 0.14835260276732085,
                "weights_price_action": 0.1168360980131911,
                "weights_price_levels": 0.0752724410721662,
                "weights_divergence": 0.14961864714384612,
                "weights_channel_position": 0.1609684761508082
            }
        },
        {
            "profit": 38.17185673425001,
            "params": {
                "mode": "conservative",
                "multiplier": 1.5630748132374324,
                "adx_threshold": 35,
                "rsi_buy_threshold": 28,
                "rsi_sell_threshold": 73,
                "sl_multiplier_aggressive": 2.1419739363784602,
                "tp_multiplier_aggressive": 4.385381379000765,
                "sl_multiplier_conservative": 1.9151456727492857,
                "tp_multiplier_conservative": 3.6909697295731263,
                "volume_threshold_ratio": 0.496133222053037,
                "atr_threshold_ratio": 0.6041296891569699,
                "block_lateral_market": false,
                "penalty_exhaustion": 0.20336653000406596,
                "penalty_factor": 0.12827607621824483,
                "penalty_manipulation": 0.10143586531163609,
                "weights_trend": 0.17520596756475237,
                "weights_momentum": 0.12698943728159426,
                "weights_oscillators": 0.15439622952188242,
                "weights_price_action": 0.13526860606179675,
                "weights_price_levels": 0.07974417036419529,
                "weights_divergence": 0.15259937015153774,
                "weights_channel_position": 0.1757962190542412
            }
        },
        {
            "profit": 22.52472868825,
            "params": {
                "mode": "conservative",
                "multiplier": 1.8716506231753662,
                "adx_threshold": 27,
                "rsi_buy_threshold": 28,
                "rsi_sell_threshold": 73,
                "sl_multiplier_aggressive": 1.2010113395237287,
                "tp_multiplier_aggressive": 4.285013156588263,
                "sl_multiplier_conservative": 2.1638875833383393,
                "tp_multiplier_conservative": 4.382606882217243,
                "volume_threshold_ratio": 0.4860760300646854,
                "atr_threshold_ratio": 0.6116829304913771,
                "block_lateral_market": false,
                "penalty_exhaustion": 0.20005800767396711,
                "penalty_factor": 0.2678498813182305,
                "penalty_manipulation": 0.10053170932024923,
                "weights_trend": 0.16405035370102108,
                "weights_momentum": 0.1723138598823095,
                "weights_oscillators": 0.14858661120813352,
                "weights_price_action": 0.1268721126863408,
                "weights_price_levels": 0.07886093607564025,
                "weights_divergence": 0.14418190682296425,
                "weights_channel_position": 0.16513421962359054
            }
        }
    ],
    "ETH/USDC:USDC": [
        {
            "profit": 112.1797263137801,
            "params": {
                "mode": "conservative",
                "multiplier": 1.7317081873387594,
                "adx_threshold": 16,
                "rsi_buy_threshold": 21,
                "rsi_sell_threshold": 70,
                "sl_multiplier_aggressive": 2.071367023089686,
                "tp_multiplier_aggressive": 3.424954635543144,
                "sl_multiplier_conservative": 2.779439538444901,
                "tp_multiplier_conservative": 4.7429950261949365,
                "volume_threshold_ratio": 0.5332588120422442,
                "atr_threshold_ratio": 0.6750485333080345,
                "block_lateral_market": true,
                "penalty_exhaustion": 0.11197153571240981,
                "penalty_factor": 0.22411753548858684,
                "penalty_manipulation": 0.1284308202902725,
                "weights_trend": 0.10731270629493894,
                "weights_momentum": 0.11946825288568631,
                "weights_oscillators": 0.09202937246845402,
                "weights_price_action": 0.11987750719232054,
                "weights_price_levels": 0.13158612043807003,
                "weights_divergence": 0.12535966128015943,
                "weights_channel_position": 0.3043663794403707
            }
        },
        {
            "profit": 64.24548403987993,
            "params": {
                "mode": "aggressive",
                "multiplier": 1.9334855355697163,
                "adx_threshold": 24,
                "rsi_buy_threshold": 27,
                "rsi_sell_threshold": 63,
                "sl_multiplier_aggressive": 1.6813023004885814,
                "tp_multiplier_aggressive": 5.05344713198172,
                "sl_multiplier_conservative": 1.9081987925121928,
                "tp_multiplier_conservative": 4.26447483812502,
                "volume_threshold_ratio": 0.27603305696003205,
                "atr_threshold_ratio": 0.45898565265751273,
                "block_lateral_market": false,
                "penalty_exhaustion": 0.11675574138553932,
                "penalty_factor": 0.15694153787602425,
                "penalty_manipulation": 0.23982561478315567,
                "weights_trend": 0.07602812303611904,
                "weights_momentum": 0.13979332426193972,
                "weights_oscillators": 0.12368464796408236,
                "weights_price_action": 0.12965970909380958,
                "weights_price_levels": 0.19425209766493523,
                "weights_divergence": 0.17894778352684637,
                "weights_channel_position": 0.1576343144522677
            }
        },
        {
            "profit": 41.98230340180548,
            "params": {
                "mode": "conservative",
                "multiplier": 1.8484657938502438,
                "adx_threshold": 27,
                "rsi_buy_threshold": 29,
                "rsi_sell_threshold": 71,
                "sl_multiplier_aggressive": 2.2284021473010496,
                "tp_multiplier_aggressive": 4.385369417086782,
                "sl_multiplier_conservative": 2.5490754222363643,
                "tp_multiplier_conservative": 2.317535989799001,
                "volume_threshold_ratio": 0.4764580329058776,
                "atr_threshold_ratio": 0.6422882403885589,
                "block_lateral_market": false,
                "penalty_exhaustion": 0.2042370204470214,
                "penalty_factor": 0.17420141104159648,
                "penalty_manipulation": 0.22287346600063898,
                "weights_trend": 0.17819595480851697,
                "weights_momentum": 0.15846735678955448,
                "weights_oscillators": 0.08254696757036757,
                "weights_price_action": 0.16734317685861164,
                "weights_price_levels": 0.13736210658600148,
                "weights_divergence": 0.11635815681808999,