{
    "BTC/USDC:USDC": [
        {
            "profit": 180.347994,
            "params": {
                "mode": "conservative",
                "multiplier": 1.210400697370733,
                "adx_threshold": 24,
                "rsi_buy_threshold": 40,
                "rsi_sell_threshold": 71,
                "sl_multiplier_aggressive": 2.038914694667448,
                "tp_multiplier_aggressive": 3.047325173975638,
                "sl_multiplier_conservative": 2.0548790673288027,
                "tp_multiplier_conservative": 3.4239675919591273,
                "volume_threshold_ratio": 0.4554941900318999,
                "atr_threshold_ratio": 0.3531279010537663,
                "block_lateral_market": false,
                "weights_trend": 0.12177354522029626,
                "weights_momentum": 0.10123944174270945,
                "weights_oscillators": 0.2693021230999755,
                "weights_price_action": 0.2963919332156036,
                "weights_price_levels": 0.21129295672141515
            }
        },
        {
            "profit": 180.347994,
            "params": {
                "mode": "aggressive",
                "multiplier": 1.6473849190739716,
                "adx_threshold": 38,
                "rsi_buy_threshold": 30,
                "rsi_sell_threshold": 60,
                "sl_multiplier_aggressive": 1.1896441886240332,
                "tp_multiplier_aggressive": 3.6038575751006245,
                "sl_multiplier_conservative": 2.0575321492288405,
                "tp_multiplier_conservative": 2.7826999341119456,
                "volume_threshold_ratio": 0.5780822729777341,
                "atr_threshold_ratio": 0.5541311123934692,
                "block_lateral_market": false,
                "weights_trend": 0.176227844248509,
                "weights_momentum": 0.2512584363219936,
                "weights_oscillators": 0.2542186595695335,
                "weights_price_action": 0.19127811764036126,
                "weights_price_levels": 0.12701694221960272
            }
        },
        {
            "profit": 180.347994,
            "params": {
                "mode": "aggressive",
                "multiplier": 1.6502977581715574,
                "adx_threshold": 38,
                "rsi_buy_threshold": 30,
                "rsi_sell_threshold": 71,
                "sl_multiplier_aggressive": 1.1888606507627095,
                "tp_multiplier_aggressive": 3.5422360421323122,
                "sl_multiplier_conservative": 1.895704105852096,
                "tp_multiplier_conservative": 2.805441649163876,
                "volume_threshold_ratio": 0.46705684937916203,
                "atr_threshold_ratio": 0.5528834896647462,
                "block_lateral_market": false,
                "weights_trend": 0.21348755961317548,
                "weights_momentum": 0.2313998091883268,
                "weights_oscillators": 0.2366698317313966,
                "weights_price_action": 0.2015374477778636,
                "weights_price_levels": 0.11690535168923746
            }
        },
        {
            "profit": 180.347994,
            "params": {
                "mode": "aggressive",
                "multiplier": 1.282360935356731,
                "adx_threshold": 33,
                "rsi_buy_threshold": 39,
                "rsi_sell_threshold": 80,
                "sl_multiplier_aggressive": 2.599618010280465,
                "tp_multiplier_aggressive": 2.9528665134126726,
                "sl_multiplier_conservative": 1.1295736905664349,
                "tp_multiplier_conservative": 3.1188883195164294,
                "volume_threshold_ratio": 0.41007118873678905,
                "atr_threshold_ratio": 0.5399360438031662,
                "block_lateral_market": false,
                "weights_trend": 0.2514821184408192,
                "weights_momentum": 0.25993612352509177,
                "weights_oscillators": 0.14394556956927615,
                "weights_price_action": 0.18981319906309146,
                "weights_price_levels": 0.15482298940172146
            }
        },
        {
            "profit": 174.173852,
            "params": {
                "mode": "conservative",
                "multiplier": 1.1667863005315524,
                "adx_threshold": 24,
                "rsi_buy_threshold": 40,
                "rsi_sell_threshold": 80,
                "sl_multiplier_aggressive": 2.146796927412219,
                "tp_multiplier_aggressive": 2.617704957437746,
                "sl_multiplier_conservative": 2.0994221640118393,
                "tp_multiplier_conservative": 2.7183514685337755,
                "volume_threshold_ratio": 0.24535856869664963,
                "atr_threshold_ratio": 0.3643004169127566,
                "block_lateral_market": false,
                "weights_trend": 0.11124551283584766,
                "weights_momentum": 0.17810224867498192,
                "weights_oscillators": 0.24531998384400625,
                "weights_price_action": 0.2884579320091745,
                "weights_price_levels": 0.1768743226359896
            }
        },
        {
            "profit": 130.25558800000002,
            "params": {
                "mode": "conservative",
                "multiplier": 1.238932311454409,
                "adx_threshold": 23,
                "rsi_buy_threshold": 39,
                "rsi_sell_threshold": 71,
                "sl_multiplier_aggressive": 2.052212686958581,
                "tp_multiplier_aggressive": 3.073572797098081,
                "sl_multiplier_conservative": 2.0944154250989895,
                "tp_multiplier_conservative": 3.4779705596278263,
                "volume_threshold_ratio": 0.4342695928239697,
                "atr_threshold_ratio": 0.3872926408704173,
                "block_lateral_market": false,
                "weights_trend": 0.14919529069786036,
                "weights_momentum": 0.14665318720017156,
                "weights_oscillators": 0.24404792849861798,
                "weights_price_action": 0.25228171315492204,
                "weights_price_levels": 0.207821880448428
            }
        }
    ],
    "ETH/USDC:USDC": [
        {
            "profit": 540.9233222999999,
            "params": {
                "mode": "conservative",
                "multiplier": 1.606850360368838,
                "adx_threshold": 30,
                "rsi_buy_threshold": 27,
                "rsi_sell_threshold": 67,
                "sl_multiplier_aggressive": 1.4757516125639756,
                "tp_multiplier_aggressive": 2.5874024588940503,
                "sl_multiplier_conservative": 1.8464261582839725,
                "tp_multiplier_conservative": 3.090693609102978,
                "volume_threshold_ratio": 0.5384254640081632,
                "atr_threshold_ratio": 0.49050831118173505,
                "block_lateral_market": false,
                "weights_trend": 0.1003459806723938,
                "weights_momentum": 0.23106585340229774,
                "weights_oscillators": 0.11104350890303719,
                "weights_price_action": 0.23778289827623925,
                "weights_price_levels": 0.319761758746032
            }
        },
        {
            "profit": 540.9233222999999,
            "params": {
                "mode": "conservative",
                "multiplier": 1.3671667921774644,
                "adx_threshold": 27,
                "rsi_buy_threshold": 29,
                "rsi_sell_threshold": 66,
                "sl_multiplier_aggressive": 1.1721831647927625,
                "tp_multiplier_aggressive": 3.172386921519483,
                "sl_multiplier_conservative": 1.2240193687142478,
                "tp_multiplier_conservative": 3.8051811478883955,
                "volume_threshold_ratio": 0.3443249676505814,
                "atr_threshold_ratio": 0.3526327085667969,
                "block_lateral_market": true,
                "weights_trend": 0.1450667470186754,