{
    "BTC/USDC:USDC": [
        {
            "profit": 262.999363,
            "params": {
                "mode": "aggressive",
                "multiplier": 1.4459480424725761,
                "adx_threshold": 30,
                "rsi_buy_threshold": 27,
                "rsi_sell_threshold": 65,
                "sl_multiplier_aggressive": 2.117695171286595,
                "tp_multiplier_aggressive": 2.262693651131873,
                "sl_multiplier_conservative": 1.1423763792279287,
                "tp_multiplier_conservative": 2.1353011425365818,
                "volume_threshold_ratio": 0.2753240670598087,
                "atr_threshold_ratio": 0.6580628315491449,
                "block_lateral_market": false,
                "weights_trend": 0.2212398265328263,
                "weights_rsi": 0.22243254283196284,
                "weights_stochastic": 0.13127788352621103,
                "weights_price_action": 0.23897596254058034,
                "weights_proximity_to_bands": 0.18607378456841941
            }
        },
        {
            "profit": 229.78635,
            "params": {
                "mode": "aggressive",
                "multiplier": 1.9984956201618704,
                "adx_threshold": 33,
                "rsi_buy_threshold": 29,
                "rsi_sell_threshold": 64,
                "sl_multiplier_aggressive": 2.1667781084001607,
                "tp_multiplier_aggressive": 2.028317555498633,
                "sl_multiplier_conservative": 1.0034455301311629,
                "tp_multiplier_conservative": 2.0952331643165047,
                "volume_threshold_ratio": 0.3104038332516254,
                "atr_threshold_ratio": 0.30883301772987554,
                "block_lateral_market": false,
                "weights_trend": 0.2628578128377726,
                "weights_rsi": 0.18538383397272293,
                "weights_stochastic": 0.12607674936796956,
                "weights_price_action": 0.26450262976019867,
                "weights_proximity_to_bands": 0.16117897406133624
            }
        },
        {
            "profit": 203.029073,
            "params": {
                "mode": "aggressive",
                "multiplier": 1.0513989734132845,
                "adx_threshold": 29,
                "rsi_buy_threshold": 26,
                "rsi_sell_threshold": 65,
                "sl_multiplier_aggressive": 2.1234593550970025,
                "tp_multiplier_aggressive": 2.2228570541137724,
                "sl_multiplier_conservative": 1.452276907242448,
                "tp_multiplier_conservative": 2.1463369818314266,
                "volume_threshold_ratio": 0.2754358303901715,
                "atr_threshold_ratio": 0.5186168910495345,
                "block_lateral_market": false,
                "weights_trend": 0.22660155137805146,
                "weights_rsi": 0.23411548052215606,
                "weights_stochastic": 0.14189168049209125,
                "weights_price_action": 0.26273629194462766,
                "weights_proximity_to_bands": 0.1346549956630736
            }
        }
    ],
    "ETH/USDC:USDC": [
        {
            "profit": 182.64105739999968,
            "params": {
                "mode": "conservative",
                "multiplier": 1.1393064191714266,
                "adx_threshold": 31,
                "rsi_buy_threshold": 30,
                "rsi_sell_threshold": 80,
                "sl_multiplier_aggressive": 1.5730307250357127,
                "tp_multiplier_aggressive": 3.484839151378225,
                "sl_multiplier_conservative": 2.94558706001357,
                "tp_multiplier_conservative": 3.8937989555356376,
                "volume_threshold_ratio": 0.22940517583628248,
                "atr_threshold_ratio": 0.4206278098545428,
                "block_lateral_market": false,
                "weights_trend": 0.1304525013469527,
                "weights_rsi": 0.18023109669406973,
                "weights_stochastic": 0.3281186929460291,
                "weights_price_action": 0.11241082925736623,
                "weights_proximity_to_bands": 0.2487868797555822
            }
        },
        {
            "profit": 141.20015339999986,
            "params": {
                "mode": "conservative",
                "multiplier": 1.461849682022551,
                "adx_threshold": 11,
                "rsi_buy_threshold": 36,
                "rsi_sell_threshold": 61,
                "sl_multiplier_aggressive": 2.181502246952275,
                "tp_multiplier_aggressive": 3.092391299296052,
                "sl_multiplier_conservative": 1.2109844738293454,
                "tp_multiplier_conservative": 2.6154917986110355,
                "volume_threshold_ratio": 0.3708880865247133,
                "atr_threshold_ratio": 0.3968581122656798,
                "block_lateral_market": true,
                "weights_trend": 0.24340239388242396,
                "weights_rsi": 0.27105062906424343,
                "weights_stochastic": 0.25325443293988903,
                "weights_price_action": 0.12613730194302294,
                "weights_proximity_to_bands": 0.10615524217042063
            }
        },
        {
            "profit": 139.8057877999998,
            "params": {
                "mode": "conservative",
                "multiplier": 1.3004409717228886,
                "adx_threshold": 40,
                "rsi_buy_threshold": 36,
                "rsi_sell_threshold": 71,
                "sl_multiplier_aggressive": 1.4234843425368184,
                "tp_multiplier_aggressive": 4.165585913315622,
                "sl_multiplier_conservative": 1.172250954909333,
                "tp_multiplier_conservative": 2.61664479873665,
                "volume_threshold_ratio": 0.3123352757196673,
                "atr_threshold_ratio": 0.4253084800320089,
                "block_lateral_market": false,
                "weights_trend": 0.13557488031294185,
                "weights_rsi": 0.2585891929249662,
                "weights_stochastic": 0.2954816752553211,
                "weights_price_action": 0.1972215395003742,
                "weights_proximity_to_bands": 0.11313271200639662
            }
        }
    ],
    "SOL/USDC:USDC": [
        {
            "profit": 1268.45796394,
            "params": {
                "mode": "aggressive",
                "multiplier": 1.2597172697941643,
                "adx_threshold": 35,
                "rsi_buy_threshold": 25,
                "rsi_sell_threshold": 75,
                "sl_multiplier_aggressive": 2.4783798304240237,
                "tp_multiplier_aggressive": 5.514533683852984,
                "sl_multiplier_conservative": 2.995518450464422,
                "tp_multiplier_conservative": 3.2187616983446734,
                "volume_threshold_ratio": 0.3023399094460274,
                "atr_threshold_ratio": 0.33204176104710553,
                "block_lateral_market": false,
                "weights_trend": 0.16161770139167925,
                "weights_rsi": 0.13719280687397306,
                "weights_stochastic": 0.11812704895524088,
                "weights_price_action": 0.4790109038270206,
                "weights_proximity_to_bands": 0.10405153895208627
            }
        },
        {
            "profit": 1115.7807252399996,
            "params": {
                "mode": "aggressive",
                "multiplier": 1.4769633704297052,
                "adx_threshold": 37,
                "rsi_buy_threshold": 28,
                "rsi_sell_threshold": 61,
                "sl_multiplier_aggressive": 2.8929999936592425,
                "tp_multiplier_aggressive": 4.320708946793284,
                "sl_multiplier_conservative": 2.8613915510881793,
                "tp_multiplier_conservative": 3.2931307877978506,
                "volume_threshold_ratio": 0.2543190279778851,
                "atr_threshold_ratio": 0.4824282923151619,
                "block_lateral_market": false,