{
    "BTC/USDC:USDC": [
        {
            "profit": 199.19028500000002,
            "params": {
                "mode": "conservative",
                "multiplier": 1.6464749667484597,
                "adx_threshold": 21,
                "rsi_buy_threshold": 39,
                "rsi_sell_threshold": 60,
                "sl_multiplier_aggressive": 1.2112048768703358,
                "tp_multiplier_aggressive": 3.7018655442267434,
                "sl_multiplier_conservative": 1.4630174883075053,
                "tp_multiplier_conservative": 2.4251771305310084,
                "volume_threshold_ratio": 0.44104473182938775,
                "atr_threshold_ratio": 0.5631054327886208,
                "block_lateral_market": true,
                "weights_trend": 0.2469179267914818,
                "weights_rsi": 0.24651289172192473,
                "weights_stochastic": 0.1198029737118616,
                "weights_price_action": 0.20162334405673615,
                "weights_proximity_to_bands": 0.18514286371799568
            }
        },
        {
            "profit": 199.19028500000002,
            "params": {
                "mode": "conservative",
                "multiplier": 1.6426143793364418,
                "adx_threshold": 21,
                "rsi_buy_threshold": 39,
                "rsi_sell_threshold": 68,
                "sl_multiplier_aggressive": 1.645172679101571,
                "tp_multiplier_aggressive": 3.9004623365416284,
                "sl_multiplier_conservative": 1.4816638629305652,
                "tp_multiplier_conservative": 3.2055539481725206,
                "volume_threshold_ratio": 0.4431618659879386,
                "atr_threshold_ratio": 0.3565057146596973,
                "block_lateral_market": false,
                "weights_trend": 0.2774152458561797,
                "weights_rsi": 0.2715093447121045,
                "weights_stochastic": 0.12213868165080692,
                "weights_price_action": 0.21977428451818282,
                "weights_proximity_to_bands": 0.1091624432627261
            }
        },
        {
            "profit": 199.19028500000002,
            "params": {
                "mode": "aggressive",
                "multiplier": 1.4490030992710619,
                "adx_threshold": 20,
                "rsi_buy_threshold": 21,
                "rsi_sell_threshold": 61,
                "sl_multiplier_aggressive": 1.3115407806295354,
                "tp_multiplier_aggressive": 2.374525780991012,
                "sl_multiplier_conservative": 1.6742477134856908,
                "tp_multiplier_conservative": 3.1250986760102117,
                "volume_threshold_ratio": 0.5822983663761908,
                "atr_threshold_ratio": 0.5250769457093373,
                "block_lateral_market": true,
                "weights_trend": 0.20463304540324026,
                "weights_rsi": 0.21814357857280872,
                "weights_stochastic": 0.24661908084184386,
                "weights_price_action": 0.1603860184270612,
                "weights_proximity_to_bands": 0.17021827675504586
            }
        },
        {
            "profit": 189.80091199999998,
            "params": {
                "mode": "aggressive",
                "multiplier": 1.5818823993032924,
                "adx_threshold": 20,
                "rsi_buy_threshold": 31,
                "rsi_sell_threshold": 78,
                "sl_multiplier_aggressive": 2.82383162462663,
                "tp_multiplier_aggressive": 2.309186192605131,
                "sl_multiplier_conservative": 2.3878387780854102,
                "tp_multiplier_conservative": 4.007212558107907,
                "volume_threshold_ratio": 0.4256960142571925,
                "atr_threshold_ratio": 0.34447531019305266,
                "block_lateral_market": true,
                "weights_trend": 0.15443051850174033,
                "weights_rsi": 0.11195975316211337,
                "weights_stochastic": 0.3859111597116821,
                "weights_price_action": 0.240696423097692,
                "weights_proximity_to_bands": 0.10700214552677206
            }
        },
        {
            "profit": 93.35561899999999,
            "params": {
                "mode": "aggressive",
                "multiplier": 1.56634703773565,
                "adx_threshold": 18,
                "rsi_buy_threshold": 23,
                "rsi_sell_threshold": 77,
                "sl_multiplier_aggressive": 1.8839470559048768,
                "tp_multiplier_aggressive": 4.241933005817453,
                "sl_multiplier_conservative": 2.5730887117968133,
                "tp_multiplier_conservative": 4.534476316641986,
                "volume_threshold_ratio": 0.3335019360172734,
                "atr_threshold_ratio": 0.3518983705388314,
                "block_lateral_market": true,
                "weights_trend": 0.23450059594312767,
                "weights_rsi": 0.2110145383627625,
                "weights_stochastic": 0.2598294130646596,
                "weights_price_action": 0.1918990934827806,
                "weights_proximity_to_bands": 0.10275635914666967
            }
        },
        {
            "profit": 46.532092000000006,
            "params": {
                "mode": "conservative",
                "multiplier": 1.796802720828594,
                "adx_threshold": 15,
                "rsi_buy_threshold": 40,
                "rsi_sell_threshold": 73,
                "sl_multiplier_aggressive": 2.0747117776591297,
                "tp_multiplier_aggressive": 2.0262776169482195,
                "sl_multiplier_conservative": 2.1994009987773264,
                "tp_multiplier_conservative": 4.200244376550028,
                "volume_threshold_ratio": 0.3238360893504533,
                "atr_threshold_ratio": 0.31576283699333024,
                "block_lateral_market": true,
                "weights_trend": 0.19044331717322235,
                "weights_rsi": 0.1939259878968438,
                "weights_stochastic": 0.20152781261116015,
                "weights_price_action": 0.20914856790633854,
                "weights_proximity_to_bands": 0.2049543144124352
            }
        }
    ],
    "ETH/USDC:USDC": [
        {
            "profit": 104.7345925,
            "params": {
                "mode": "aggressive",
                "multiplier": 1.0018536229856185,
                "adx_threshold": 34,
                "rsi_buy_threshold": 27,
                "rsi_sell_threshold": 79,
                "sl_multiplier_aggressive": 1.0323705143545665,
                "tp_multiplier_aggressive": 5.57758732481478,
                "sl_multiplier_conservative": 2.9821268509614125,
                "tp_multiplier_conservative": 2.11399984527855,
                "volume_threshold_ratio": 0.2086597050814485,
                "atr_threshold_ratio": 0.3051776099164399,
                "block_lateral_market": false,
                "weights_trend": 0.11083385800879852,
                "weights_rsi": 0.21275832173999407,
                "weights_stochastic": 0.16306969362790144,
                "weights_price_action": 0.2891576215971011,
                "weights_proximity_to_bands": 0.22418050502620482
            }
        },
        {
            "profit": 100.37043319999992,
            "params": {
                "mode": "conservative",
                "multiplier": 1.3289777874229223,
                "adx_threshold": 21,
                "rsi_buy_threshold": 29,
                "rsi_sell_threshold": 80,
                "sl_multiplier_aggressive": 1.4406873465512875,
                "tp_multiplier_aggressive": 5.952477576692849,
                "sl_multiplier_conservative": 2.0811365138599482,
                "tp_multiplier_conservative": 3.7773363240594287,
                "volume_threshold_ratio": 0.45387601904545477,
                "atr_threshold_ratio": 0.5278579804418588,
                "block_lateral_market": true,
                "weights_trend": 0.1876920553362436,