{
    "BTC/USDC:USDC": [
        {
            "profit": 147.638633,
            "params": {
                "mode": "conservative",
                "multiplier": 1.707328829040516,
                "adx_threshold": 32,
                "rsi_buy_threshold": 29,
                "rsi_sell_threshold": 67,
                "sl_multiplier_aggressive": 1.4648123787561416,
                "tp_multiplier_aggressive": 2.728937799393181,
                "sl_multiplier_conservative": 2.8193596035826176,
                "tp_multiplier_conservative": 2.995739501694854,
                "volume_threshold_ratio": 0.3735488622992225,
                "atr_threshold_ratio": 0.6433423765585119,
                "block_lateral_market": false,
                "weights_trend": 0.29597685064337087,
                "weights_rsi": 0.12470670685723075,
                "weights_stochastic": 0.21870602790941557,
                "weights_price_action": 0.2539162559396877,
                "weights_proximity_to_bands": 0.1066941586502951
            }
        },
        {
            "profit": 122.486689,
            "params": {
                "mode": "conservative",
                "multiplier": 1.7730712022941384,
                "adx_threshold": 32,
                "rsi_buy_threshold": 29,
                "rsi_sell_threshold": 69,
                "sl_multiplier_aggressive": 2.309720288103351,
                "tp_multiplier_aggressive": 2.7401763336865903,
                "sl_multiplier_conservative": 2.7183480940979803,
                "tp_multiplier_conservative": 3.097597208060751,
                "volume_threshold_ratio": 0.3723851616257688,
                "atr_threshold_ratio": 0.6452999912047845,
                "block_lateral_market": false,
                "weights_trend": 0.30642447386020216,
                "weights_rsi": 0.12395015835434747,
                "weights_stochastic": 0.22004905986026146,
                "weights_price_action": 0.24575702020525267,
                "weights_proximity_to_bands": 0.1038192877199362
            }
        },
        {
            "profit": 102.568507,
            "params": {
                "mode": "conservative",
                "multiplier": 1.9309367868925507,
                "adx_threshold": 37,
                "rsi_buy_threshold": 21,
                "rsi_sell_threshold": 60,
                "sl_multiplier_aggressive": 2.394729034206428,
                "tp_multiplier_aggressive": 2.2592810646285404,
                "sl_multiplier_conservative": 2.744438398719465,
                "tp_multiplier_conservative": 3.363329576621873,
                "volume_threshold_ratio": 0.35655004004810126,
                "atr_threshold_ratio": 0.633337364573007,
                "block_lateral_market": false,
                "weights_trend": 0.27138703803229675,
                "weights_rsi": 0.14604568895052397,
                "weights_stochastic": 0.24111015565090274,
                "weights_price_action": 0.20089859944485838,
                "weights_proximity_to_bands": 0.14055851792141816
            }
        }
    ],
    "ETH/USDC:USDC": [
        {
            "profit": 222.6741750000002,
            "params": {
                "mode": "aggressive",
                "multiplier": 1.521923837414791,
                "adx_threshold": 37,
                "rsi_buy_threshold": 20,
                "rsi_sell_threshold": 79,
                "sl_multiplier_aggressive": 1.0144180186498277,
                "tp_multiplier_aggressive": 2.5136456960443025,
                "sl_multiplier_conservative": 2.0753469997342706,
                "tp_multiplier_conservative": 3.8299030760634003,
                "volume_threshold_ratio": 0.2807088149924945,
                "atr_threshold_ratio": 0.3147980352464628,
                "block_lateral_market": false,
                "weights_trend": 0.16427036574749235,
                "weights_rsi": 0.1315917186775434,
                "weights_stochastic": 0.126951005621012,
                "weights_price_action": 0.29336208307472433,
                "weights_proximity_to_bands": 0.28382482687922794
            }
        },
        {
            "profit": 222.6741750000002,
            "params": {
                "mode": "aggressive",
                "multiplier": 1.4771577373959568,
                "adx_threshold": 38,
                "rsi_buy_threshold": 20,
                "rsi_sell_threshold": 80,
                "sl_multiplier_aggressive": 1.0086972206628486,
                "tp_multiplier_aggressive": 2.1531044478908035,
                "sl_multiplier_conservative": 2.245569187944595,
                "tp_multiplier_conservative": 3.9813640214659625,
                "volume_threshold_ratio": 0.26345686912369093,
                "atr_threshold_ratio": 0.32925858408493996,
                "block_lateral_market": false,
                "weights_trend": 0.1651333564658621,
                "weights_rsi": 0.1340852519662868,
                "weights_stochastic": 0.12291779192092554,
                "weights_price_action": 0.2844381571080219,
                "weights_proximity_to_bands": 0.29342544253890374
            }
        },
        {
            "profit": 211.13846879999983,
            "params": {
                "mode": "aggressive",
                "multiplier": 1.264034685395796,
                "adx_threshold": 36,
                "rsi_buy_threshold": 24,
                "rsi_sell_threshold": 76,
                "sl_multiplier_aggressive": 1.8799143274691639,
                "tp_multiplier_aggressive": 2.0215113895183165,
                "sl_multiplier_conservative": 1.6758487614675528,
                "tp_multiplier_conservative": 3.2178914043333013,
                "volume_threshold_ratio": 0.3788877673118165,
                "atr_threshold_ratio": 0.4820812916129684,
                "block_lateral_market": false,
                "weights_trend": 0.35038068030139735,
                "weights_rsi": 0.10162902977539656,
                "weights_stochastic": 0.22823319870398007,
                "weights_price_action": 0.1108388100390315,
                "weights_proximity_to_bands": 0.2089182811801945
            }
        }
    ],
    "SOL/USDC:USDC": [
        {
            "profit": 801.3575872500003,
            "params": {
                "mode": "aggressive",
                "multiplier": 1.3878173080136502,
                "adx_threshold": 19,
                "rsi_buy_threshold": 28,
                "rsi_sell_threshold": 72,
                "sl_multiplier_aggressive": 1.1721529019084922,
                "tp_multiplier_aggressive": 3.153537775473791,
                "sl_multiplier_conservative": 2.6547181775975175,
                "tp_multiplier_conservative": 2.8553860143526038,
                "volume_threshold_ratio": 0.30536458837493646,
                "atr_threshold_ratio": 0.6312924967542868,
                "block_lateral_market": false,
                "weights_trend": 0.31660551647231233,
                "weights_rsi": 0.1131378213957135,
                "weights_stochastic": 0.196871817891713,
                "weights_price_action": 0.26139295436374227,
                "weights_proximity_to_bands": 0.11199188987651888
            }
        },
        {
            "profit": 663.1485567799994,
            "params": {
                "mode": "aggressive",
                "multiplier": 1.1438570918107522,
                "adx_threshold": 34,
                "rsi_buy_threshold": 35,
                "rsi_sell_threshold": 70,
                "sl_multiplier_aggressive": 1.4996619288876054,
                "tp_multiplier_aggressive": 3.5424965956058356,
                "sl_multiplier_conservative": 1.5918100186864301,
                "tp_multiplier_conservative": 2.9070159032418137,
                "volume_threshold_ratio": 0.24934464505195936,
                "atr_threshold_ratio": 0.5670048955663919,
                "block_lateral_market": false,