{
    "BTC/USDC:USDC": [
        {
            "profit": 322.35593299999994,
            "params": {
                "mode": "conservative",
                "multiplier": 1.7520652717802685,
                "adx_threshold": 33,
                "rsi_buy_threshold": 30,
                "rsi_sell_threshold": 67,
                "sl_multiplier_aggressive": 2.596150354759158,
                "tp_multiplier_aggressive": 2.0465085143294917,
                "sl_multiplier_conservative": 1.2591801684679758,
                "tp_multiplier_conservative": 3.1820402618888917,
                "volume_threshold_ratio": 0.29443287008688773,
                "atr_threshold_ratio": 0.3114860615581706,
                "block_lateral_market": false,
                "weights_trend": 0.17754090466703737,
                "weights_rsi": 0.11481041766202099,
                "weights_stochastic": 0.26602918637156986,
                "weights_price_action": 0.32338731551421823,
                "weights_proximity_to_bands": 0.11823217578515358
            }
        },
        {
            "profit": 241.53419099999996,
            "params": {
                "mode": "conservative",
                "multiplier": 1.3599130096008782,
                "adx_threshold": 14,
                "rsi_buy_threshold": 23,
                "rsi_sell_threshold": 79,
                "sl_multiplier_aggressive": 1.6388111988505627,
                "tp_multiplier_aggressive": 3.2248311760102912,
                "sl_multiplier_conservative": 2.5187455667864884,
                "tp_multiplier_conservative": 2.198495989923008,
                "volume_threshold_ratio": 0.5705188272496731,
                "atr_threshold_ratio": 0.5282925861713498,
                "block_lateral_market": true,
                "weights_trend": 0.1423964422492069,
                "weights_rsi": 0.2153305206791439,
                "weights_stochastic": 0.2908290706796149,
                "weights_price_action": 0.245733707285623,
                "weights_proximity_to_bands": 0.10571025910641127
            }
        },
        {
            "profit": 241.53419099999996,
            "params": {
                "mode": "conservative",
                "multiplier": 1.5991292703205013,
                "adx_threshold": 12,
                "rsi_buy_threshold": 32,
                "rsi_sell_threshold": 64,
                "sl_multiplier_aggressive": 2.648459487977577,
                "tp_multiplier_aggressive": 3.990311072451443,
                "sl_multiplier_conservative": 2.8230821506635344,
                "tp_multiplier_conservative": 3.793862020105402,
                "volume_threshold_ratio": 0.42179357806547063,
                "atr_threshold_ratio": 0.6032653143254768,
                "block_lateral_market": true,
                "weights_trend": 0.18281784587701408,
                "weights_rsi": 0.13729516792042973,
                "weights_stochastic": 0.2682709769081387,
                "weights_price_action": 0.23909512080375964,
                "weights_proximity_to_bands": 0.17252088849065778
            }
        },
        {
            "profit": 241.53419099999996,
            "params": {
                "mode": "aggressive",
                "multiplier": 1.6744141848297094,
                "adx_threshold": 39,
                "rsi_buy_threshold": 27,
                "rsi_sell_threshold": 71,
                "sl_multiplier_aggressive": 1.9404215373940703,
                "tp_multiplier_aggressive": 2.5225390326903776,
                "sl_multiplier_conservative": 2.8880035440586385,
                "tp_multiplier_conservative": 3.4590405591507736,
                "volume_threshold_ratio": 0.5558419218615158,
                "atr_threshold_ratio": 0.6207375738465511,
                "block_lateral_market": false,
                "weights_trend": 0.19152789742858176,
                "weights_rsi": 0.21206736233020038,
                "weights_stochastic": 0.22771999959094472,
                "weights_price_action": 0.20061821935950333,
                "weights_proximity_to_bands": 0.1680665212907699
            }
        },
        {
            "profit": 160.63718500000002,
            "params": {
                "mode": "conservative",
                "multiplier": 1.4234828168353881,
                "adx_threshold": 29,
                "rsi_buy_threshold": 32,
                "rsi_sell_threshold": 74,
                "sl_multiplier_aggressive": 2.3845062528191976,
                "tp_multiplier_aggressive": 2.474700482243912,
                "sl_multiplier_conservative": 1.228806716898064,
                "tp_multiplier_conservative": 3.654012781070514,
                "volume_threshold_ratio": 0.20375717882145253,
                "atr_threshold_ratio": 0.6968817381939738,
                "block_lateral_market": false,
                "weights_trend": 0.24092938388826618,
                "weights_rsi": 0.14419556311524534,
                "weights_stochastic": 0.19402587839499516,
                "weights_price_action": 0.2036772295643261,
                "weights_proximity_to_bands": 0.2171719450371672
            }
        },
        {
            "profit": 153.60869200000002,
            "params": {
                "mode": "conservative",
                "multiplier": 1.5245982752092646,
                "adx_threshold": 37,
                "rsi_buy_threshold": 20,
                "rsi_sell_threshold": 63,
                "sl_multiplier_aggressive": 2.4809556599040445,
                "tp_multiplier_aggressive": 2.5564127538899233,
                "sl_multiplier_conservative": 1.2001498882860135,
                "tp_multiplier_conservative": 2.886047912345751,
                "volume_threshold_ratio": 0.2942163104473053,
                "atr_threshold_ratio": 0.37138462182605353,
                "block_lateral_market": false,
                "weights_trend": 0.2341058600668323,
                "weights_rsi": 0.11312696788510414,
                "weights_stochastic": 0.335668693833944,
                "weights_price_action": 0.16226480592389744,
                "weights_proximity_to_bands": 0.1548336722902221
            }
        }
    ],
    "ETH/USDC:USDC": [
        {
            "profit": 937.0023807000016,
            "params": {
                "mode": "aggressive",
                "multiplier": 1.1479521386410974,
                "adx_threshold": 20,
                "rsi_buy_threshold": 26,
                "rsi_sell_threshold": 68,
                "sl_multiplier_aggressive": 2.37995198794924,
                "tp_multiplier_aggressive": 2.5373501639419485,
                "sl_multiplier_conservative": 1.1482487848380556,
                "tp_multiplier_conservative": 2.287836232798342,
                "volume_threshold_ratio": 0.5923329695671617,
                "atr_threshold_ratio": 0.567720947653111,
                "block_lateral_market": false,
                "weights_trend": 0.11503706312811864,
                "weights_rsi": 0.17262507058919435,
                "weights_stochastic": 0.430814135169321,
                "weights_price_action": 0.13526751361039832,
                "weights_proximity_to_bands": 0.1462562175029678
            }
        },
        {
            "profit": 651.7466046000018,
            "params": {
                "mode": "aggressive",
                "multiplier": 1.281528008693429,
                "adx_threshold": 36,
                "rsi_buy_threshold": 23,
                "rsi_sell_threshold": 60,
                "sl_multiplier_aggressive": 2.118931420755497,
                "tp_multiplier_aggressive": 3.239478737445925,
                "sl_multiplier_conservative": 1.9327877053761715,
                "tp_multiplier_conservative": 2.422258782184474,
                "volume_threshold_ratio": 0.32759199595659494,
                "atr_threshold_ratio": 0.6106124997239659,
                "block_lateral_market": false,
                "weights_trend": 0.20213681616088208,