{
    "BTC/USDC:USDC": [
        {
            "profit": 52.64034,
            "params": {
                "mode": "conservative",
                "multiplier": 1.7303153457018718,
                "adx_threshold": 21,
                "rsi_buy_threshold": 35,
                "rsi_sell_threshold": 64,
                "sl_multiplier_aggressive": 2.218512695468253,
                "tp_multiplier_aggressive": 3.498917792749131,
                "sl_multiplier_conservative": 1.8007839174087814,
                "tp_multiplier_conservative": 3.604589834281973,
                "volume_threshold_ratio": 0.24921812275999522,
                "atr_threshold_ratio": 0.3587111571029443,
                "block_lateral_market": false,
                "weights_trend": 0.1200000270646738,
                "weights_momentum": 0.15043900845630187,
                "weights_oscillators": 0.12511306898766492,
                "weights_price_action": 0.2437690221478054,
                "weights_price_levels": 0.360678873343554
            }
        },
        {
            "profit": 43.982704000000005,
            "params": {
                "mode": "conservative",
                "multiplier": 1.6818514396335735,
                "adx_threshold": 19,
                "rsi_buy_threshold": 32,
                "rsi_sell_threshold": 66,
                "sl_multiplier_aggressive": 1.3946714910836917,
                "tp_multiplier_aggressive": 3.657300579210373,
                "sl_multiplier_conservative": 1.715650425341328,
                "tp_multiplier_conservative": 3.7195151449034305,
                "volume_threshold_ratio": 0.31570755565471836,
                "atr_threshold_ratio": 0.3007676810454659,
                "block_lateral_market": true,
                "weights_trend": 0.11423788614441693,
                "weights_momentum": 0.13575944664269407,
                "weights_oscillators": 0.19093714308526727,
                "weights_price_action": 0.25788109824682626,
                "weights_price_levels": 0.3011844258807955
            }
        },
        {
            "profit": 41.14939400000001,
            "params": {
                "mode": "conservative",
                "multiplier": 1.7268308780606527,
                "adx_threshold": 18,
                "rsi_buy_threshold": 27,
                "rsi_sell_threshold": 66,
                "sl_multiplier_aggressive": 1.4541117941862047,
                "tp_multiplier_aggressive": 3.7423316740573496,
                "sl_multiplier_conservative": 1.7210985207834828,
                "tp_multiplier_conservative": 3.7471979250296283,
                "volume_threshold_ratio": 0.3336794764291154,
                "atr_threshold_ratio": 0.3071158718311932,
                "block_lateral_market": true,
                "weights_trend": 0.11049623562497754,
                "weights_momentum": 0.1373946901813474,
                "weights_oscillators": 0.17902663313489778,
                "weights_price_action": 0.27237483146036073,
                "weights_price_levels": 0.3007076095984165
            }
        }
    ],
    "ETH/USDC:USDC": [
        {
            "profit": 21.190379199999995,
            "params": {
                "mode": "conservative",
                "multiplier": 1.539544512407073,
                "adx_threshold": 23,
                "rsi_buy_threshold": 30,
                "rsi_sell_threshold": 73,
                "sl_multiplier_aggressive": 2.7988353867174767,
                "tp_multiplier_aggressive": 3.454489811687704,
                "sl_multiplier_conservative": 2.518552441968083,
                "tp_multiplier_conservative": 3.341555732365314,
                "volume_threshold_ratio": 0.2985436468652911,
                "atr_threshold_ratio": 0.6451018847660324,
                "block_lateral_market": false,
                "weights_trend": 0.1460935134778819,
                "weights_momentum": 0.25538269206186553,
                "weights_oscillators": 0.23887909138447225,
                "weights_price_action": 0.1698367587790046,
                "weights_price_levels": 0.18980794429677572
            }
        },
        {
            "profit": 4.571510199999404,
            "params": {
                "mode": "conservative",
                "multiplier": 1.6189776130444484,
                "adx_threshold": 40,
                "rsi_buy_threshold": 39,
                "rsi_sell_threshold": 76,
                "sl_multiplier_aggressive": 2.6249159966017084,
                "tp_multiplier_aggressive": 2.9076667741874815,
                "sl_multiplier_conservative": 2.379727788877768,
                "tp_multiplier_conservative": 3.0479571540515913,
                "volume_threshold_ratio": 0.31895307329474143,
                "atr_threshold_ratio": 0.390181697459085,
                "block_lateral_market": false,
                "weights_trend": 0.16379131400197391,
                "weights_momentum": 0.1979002375719136,
                "weights_oscillators": 0.3248757566114111,
                "weights_price_action": 0.13541107028634333,
                "weights_price_levels": 0.17802162152835804
            }
        },
        {
            "profit": -1.0625300000005975,
            "params": {
                "mode": "conservative",
                "multiplier": 1.645790232830147,
                "adx_threshold": 36,
                "rsi_buy_threshold": 32,
                "rsi_sell_threshold": 76,
                "sl_multiplier_aggressive": 2.741517718641651,
                "tp_multiplier_aggressive": 3.332435091471281,
                "sl_multiplier_conservative": 2.9217904569233406,
                "tp_multiplier_conservative": 3.6177288552735494,
                "volume_threshold_ratio": 0.44925811592122633,
                "atr_threshold_ratio": 0.5712124439214595,
                "block_lateral_market": false,
                "weights_trend": 0.17933137850881709,
                "weights_momentum": 0.19129019372676093,
                "weights_oscillators": 0.348909030936753,
                "weights_price_action": 0.12895405941368515,
                "weights_price_levels": 0.15151533741398376
            }
        }
    ],
    "SOL/USDC:USDC": [
        {
            "profit": 131.1143996100005,
            "params": {
                "mode": "conservative",
                "multiplier": 1.98328166020883,
                "adx_threshold": 23,
                "rsi_buy_threshold": 29,
                "rsi_sell_threshold": 62,
                "sl_multiplier_aggressive": 2.4594200889057047,
                "tp_multiplier_aggressive": 3.465947698892824,
                "sl_multiplier_conservative": 2.9931310867080803,
                "tp_multiplier_conservative": 2.499767569512243,
                "volume_threshold_ratio": 0.5066917176039052,
                "atr_threshold_ratio": 0.3054740297941483,
                "block_lateral_market": true,
                "weights_trend": 0.34565857497047425,
                "weights_momentum": 0.11488858816741955,
                "weights_oscillators": 0.15555127074985867,
                "weights_price_action": 0.1562023295138983,
                "weights_price_levels": 0.22769923659834926
            }
        },
        {
            "profit": 91.62365249000001,
            "params": {
                "mode": "conservative",
                "multiplier": 1.967465785310393,
                "adx_threshold": 18,
                "rsi_buy_threshold": 33,
                "rsi_sell_threshold": 60,
                "sl_multiplier_aggressive": 2.7517596633531376,
                "tp_multiplier_aggressive": 2.7559980789094265,
                "sl_multiplier_conservative": 2.6400939486302217,
                "tp_multiplier_conservative": 2.0097913508663456,
                "volume_threshold_ratio": 0.49472302854225036,
                "atr_threshold_ratio": 0.3253423797627517,
                "block_lateral_market": false,