{
    "BTC/USDC:USDC": [
        {
            "profit": 54.075966,
            "params": {
                "mode": "conservative",
                "multiplier": 1.2656149737359494,
                "adx_threshold": 33,
                "rsi_buy_threshold": 34,
                "rsi_sell_threshold": 64,
                "sl_multiplier_aggressive": 1.4863017506528144,
                "tp_multiplier_aggressive": 3.295843931892631,
                "sl_multiplier_conservative": 2.1380722344154433,
                "tp_multiplier_conservative": 2.4328647385211233,
                "volume_threshold_ratio": 0.34072559819253867,
                "atr_threshold_ratio": 0.3055999041705094,
                "block_lateral_market": false,
                "weights_trend": 0.30426956380981346,
                "weights_momentum": 0.22920538167577525,
                "weights_oscillators": 0.11596879752087114,
                "weights_price_action": 0.1399955238511304,
                "weights_price_levels": 0.21056073314240975
            }
        },
        {
            "profit": 49.96047,
            "params": {
                "mode": "aggressive",
                "multiplier": 1.3963918075952377,
                "adx_threshold": 35,
                "rsi_buy_threshold": 33,
                "rsi_sell_threshold": 66,
                "sl_multiplier_aggressive": 1.7385796103178999,
                "tp_multiplier_aggressive": 2.681566775677985,
                "sl_multiplier_conservative": 1.795687161957843,
                "tp_multiplier_conservative": 2.4652247289902642,
                "volume_threshold_ratio": 0.2933559206440437,
                "atr_threshold_ratio": 0.539046069975875,
                "block_lateral_market": false,
                "weights_trend": 0.2953778025174988,
                "weights_momentum": 0.2779604582102368,
                "weights_oscillators": 0.14080917581941504,
                "weights_price_action": 0.14990827040128676,
                "weights_price_levels": 0.13594429305156264
            }
        },
        {
            "profit": 49.96047,
            "params": {
                "mode": "conservative",
                "multiplier": 1.532618643829301,
                "adx_threshold": 33,
                "rsi_buy_threshold": 35,
                "rsi_sell_threshold": 62,
                "sl_multiplier_aggressive": 1.3339205362183264,
                "tp_multiplier_aggressive": 2.92833888501478,
                "sl_multiplier_conservative": 2.603647343826409,
                "tp_multiplier_conservative": 2.8065687445934144,
                "volume_threshold_ratio": 0.24159696817597343,
                "atr_threshold_ratio": 0.34588209241094,
                "block_lateral_market": false,
                "weights_trend": 0.30453262401796805,
                "weights_momentum": 0.2852804004896422,
                "weights_oscillators": 0.11004104303240284,
                "weights_price_action": 0.1275537615611907,
                "weights_price_levels": 0.17259217089879628
            }
        }
    ],
    "ETH/USDC:USDC": [
        {
            "profit": 29.196990000000067,
            "params": {
                "mode": "aggressive",
                "multiplier": 1.9474311655788257,
                "adx_threshold": 37,
                "rsi_buy_threshold": 24,
                "rsi_sell_threshold": 69,
                "sl_multiplier_aggressive": 1.6153426180280956,
                "tp_multiplier_aggressive": 2.9236778548034494,
                "sl_multiplier_conservative": 1.6631900672792004,
                "tp_multiplier_conservative": 2.984146378738779,
                "volume_threshold_ratio": 0.4794994040754815,
                "atr_threshold_ratio": 0.695352012833304,
                "block_lateral_market": false,
                "weights_trend": 0.1255291371223177,
                "weights_momentum": 0.1463396715070067,
                "weights_oscillators": 0.24027936461142319,
                "weights_price_action": 0.20287381908637356,
                "weights_price_levels": 0.2849780076728789
            }
        },
        {
            "profit": 29.196990000000067,
            "params": {
                "mode": "aggressive",
                "multiplier": 1.9491365423303635,
                "adx_threshold": 37,
                "rsi_buy_threshold": 24,
                "rsi_sell_threshold": 69,
                "sl_multiplier_aggressive": 1.5343493790439344,
                "tp_multiplier_aggressive": 2.9457317053503336,
                "sl_multiplier_conservative": 1.6460010309437425,
                "tp_multiplier_conservative": 2.9932284001027907,
                "volume_threshold_ratio": 0.46619701295724464,
                "atr_threshold_ratio": 0.6600869536629391,
                "block_lateral_market": false,
                "weights_trend": 0.11803998288905476,
                "weights_momentum": 0.14715305493101216,
                "weights_oscillators": 0.2398558187228656,
                "weights_price_action": 0.19866727481217247,
                "weights_price_levels": 0.29628386864489503
            }
        },
        {
            "profit": 13.36321030000022,
            "params": {
                "mode": "aggressive",
                "multiplier": 1.4333051615006291,
                "adx_threshold": 37,
                "rsi_buy_threshold": 23,
                "rsi_sell_threshold": 69,
                "sl_multiplier_aggressive": 1.5657585965634604,
                "tp_multiplier_aggressive": 2.9259052230476086,
                "sl_multiplier_conservative": 1.7752864291232806,
                "tp_multiplier_conservative": 2.9772979347201933,
                "volume_threshold_ratio": 0.46291562958523436,
                "atr_threshold_ratio": 0.6493088633607912,
                "block_lateral_market": false,
                "weights_trend": 0.11629228592678831,
                "weights_momentum": 0.1619392818495811,
                "weights_oscillators": 0.14067625770479253,
                "weights_price_action": 0.20497120052261364,
                "weights_price_levels": 0.37612097399622435
            }
        }
    ],
    "SOL/USDC:USDC": [
        {
            "profit": 37.88012118999991,
            "params": {
                "mode": "aggressive",
                "multiplier": 1.690187648601283,
                "adx_threshold": 17,
                "rsi_buy_threshold": 30,
                "rsi_sell_threshold": 76,
                "sl_multiplier_aggressive": 1.8312175213969268,
                "tp_multiplier_aggressive": 3.052586663210333,
                "sl_multiplier_conservative": 2.8441951833966876,
                "tp_multiplier_conservative": 2.1806746803067325,
                "volume_threshold_ratio": 0.2910212688436076,
                "atr_threshold_ratio": 0.6241745631072939,
                "block_lateral_market": true,
                "weights_trend": 0.14096453569947617,
                "weights_momentum": 0.1504967819475537,
                "weights_oscillators": 0.2101210477286929,
                "weights_price_action": 0.2440807978865024,
                "weights_price_levels": 0.25433683673777474
            }
        },
        {
            "profit": 37.88012118999991,
            "params": {
                "mode": "aggressive",
                "multiplier": 1.6857885239967962,
                "adx_threshold": 26,
                "rsi_buy_threshold": 30,
                "rsi_sell_threshold": 76,
                "sl_multiplier_aggressive": 1.8214689242623863,
                "tp_multiplier_aggressive": 3.052590534353237,
                "sl_multiplier_conservative": 1.1757753264728432,
                "tp_multiplier_conservative": 2.164724487155941,
                "volume_threshold_ratio": 0.2985015962636316,
                "atr_threshold_ratio": 0.5640148234260609,
                "block_lateral_market": true,
                "weights_trend": 0.15440152951570602,