{
    "BTC/USDC:USDC": [
        {
            "profit": 27.11498804145,
            "params": {
                "multiplier": 1.1153157238681564,
                "adx_threshold": 34,
                "rsi_buy_threshold": 37,
                "rsi_sell_threshold": 78,
                "volume_threshold_ratio": 0.3501590690951061,
                "atr_threshold_ratio": 0.6709282259179863,
                "penalty_exhaustion": 0.1911324735229885,
                "penalty_factor": 0.26631963011729387,
                "penalty_manipulation": 0.15908763953487343,
                "penalty_confirmation_candle": 0.25328429527515794,
                "weights_trend": 0.3336254446424833,
                "weights_momentum": 0.24413783849743673,
                "weights_oscillators": 0.13801703514074534,
                "weights_structure": 0.14980130084044835,
                "weights_early_signal": 0.13441838087888638
            }
        },
        {
            "profit": -29.049763876,
            "params": {
                "multiplier": 1.2985715389705172,
                "adx_threshold": 28,
                "rsi_buy_threshold": 24,
                "rsi_sell_threshold": 66,
                "volume_threshold_ratio": 0.3542434442806157,
                "atr_threshold_ratio": 0.3711103408888796,
                "penalty_exhaustion": 0.15328091465305976,
                "penalty_factor": 0.1729546333671286,
                "penalty_manipulation": 0.1155288357322416,
                "penalty_confirmation_candle": 0.26952055922122903,
                "weights_trend": 0.14159276395027892,
                "weights_momentum": 0.1836610336129465,
                "weights_oscillators": 0.1789373455514604,
                "weights_structure": 0.3093322333756662,
                "weights_early_signal": 0.186476623509648
            }
        },
        {
            "profit": -54.7441228606,
            "params": {
                "multiplier": 1.4864254949916935,
                "adx_threshold": 14,
                "rsi_buy_threshold": 29,
                "rsi_sell_threshold": 74,
                "volume_threshold_ratio": 0.5129385188292394,
                "atr_threshold_ratio": 0.6464323269423595,
                "penalty_exhaustion": 0.292654000410259,
                "penalty_factor": 0.20529754262229294,
                "penalty_manipulation": 0.19169809088485354,
                "penalty_confirmation_candle": 0.16998783652938387,
                "weights_trend": 0.25054454722204916,
                "weights_momentum": 0.17561306195629328,
                "weights_oscillators": 0.15056890392670308,
                "weights_structure": 0.1667303679097226,
                "weights_early_signal": 0.25654311898523197
            }
        }
    ],
    "ETH/USDC:USDC": [
        {
            "profit": 5.5291004249148905,
            "params": {
                "multiplier": 1.560349138462637,
                "adx_threshold": 14,
                "rsi_buy_threshold": 31,
                "rsi_sell_threshold": 70,
                "volume_threshold_ratio": 0.25597221966927997,
                "atr_threshold_ratio": 0.6537759543557926,
                "penalty_exhaustion": 0.23574020582669467,
                "penalty_factor": 0.23967062167354752,
                "penalty_manipulation": 0.16670805281449474,
                "penalty_confirmation_candle": 0.23393018904001336,
                "weights_trend": 0.2839276456135708,
                "weights_momentum": 0.15711672428312978,
                "weights_oscillators": 0.296186944963148,
                "weights_structure": 0.11460827205079718,
                "weights_early_signal": 0.14816041308935418
            }
        },
        {
            "profit": 5.5291004249148905,
            "params": {
                "multiplier": 1.7102374855285847,
                "adx_threshold": 14,
                "rsi_buy_threshold": 30,
                "rsi_sell_threshold": 70,
                "volume_threshold_ratio": 0.2215756467533047,
                "atr_threshold_ratio": 0.6904052601445039,
                "penalty_exhaustion": 0.27006443856651513,
                "penalty_factor": 0.2335933931500969,
                "penalty_manipulation": 0.16471033538755928,
                "penalty_confirmation_candle": 0.22756190615322508,
                "weights_trend": 0.24938566797318204,
                "weights_momentum": 0.1818738645101991,
                "weights_oscillators": 0.29788333327557226,
                "weights_structure": 0.13832684510186982,
                "weights_early_signal": 0.13253028913917686
            }
        },
        {
            "profit": -60.51426171563996,
            "params": {
                "multiplier": 1.0857499854987065,
                "adx_threshold": 28,
                "rsi_buy_threshold": 37,
                "rsi_sell_threshold": 64,
                "volume_threshold_ratio": 0.22739805671081,
                "atr_threshold_ratio": 0.6210181431775319,
                "penalty_exhaustion": 0.13385564672002465,
                "penalty_factor": 0.1791051550303921,
                "penalty_manipulation": 0.24912082289857976,
                "penalty_confirmation_candle": 0.10950839455779933,
                "weights_trend": 0.12350161853608274,
                "weights_momentum": 0.14758316097785318,
                "weights_oscillators": 0.23189072487485404,
                "weights_structure": 0.11910772552592899,
                "weights_early_signal": 0.3779167700852811
            }
        }
    ],
    "SOL/USDC:USDC": [
        {
            "profit": 59.67412971490118,
            "params": {
                "multiplier": 1.5161413705003928,
                "adx_threshold": 21,
                "rsi_buy_threshold": 40,
                "rsi_sell_threshold": 69,
                "volume_threshold_ratio": 0.5252358587644517,
                "atr_threshold_ratio": 0.6765968305376081,
                "penalty_exhaustion": 0.10064893080262036,
                "penalty_factor": 0.2018043541920153,
                "penalty_manipulation": 0.1899724179890507,
                "penalty_confirmation_candle": 0.18882948768331512,
                "weights_trend": 0.23984825711354385,
                "weights_momentum": 0.1851472081090376,
                "weights_oscillators": 0.10231029901535266,
                "weights_structure": 0.1242143689860547,
                "weights_early_signal": 0.3484798667760112
            }
        },
        {
            "profit": 44.79799695398184,
            "params": {
                "multiplier": 1.7879025752009587,
                "adx_threshold": 40,
                "rsi_buy_threshold": 35,
                "rsi_sell_threshold": 60,
                "volume_threshold_ratio": 0.26639470937716914,
                "atr_threshold_ratio": 0.3053666002858358,
                "penalty_exhaustion": 0.10421039933546068,
                "penalty_factor": 0.16002266245269645,
                "penalty_manipulation": 0.12066184704394955,
                "penalty_confirmation_candle": 0.2166093610919072,
                "weights_trend": 0.15056198552340688,
                "weights_momentum": 0.2056850095693345,
                "weights_oscillators": 0.24509376410005979,
                "weights_structure": 0.16507142814063833,
                "weights_early_signal": 0.23358781266656048
            }
        },
        {
            "profit": 15.301820514752393,
            "params": {
                "multiplier": 1.8363649959739412,
                "adx_threshold": 25,
                "rsi_buy_threshold": 35,
                "rsi_sell_threshold": 71,
                "volume_threshold_ratio": 0.44932371634597695,
                "atr_threshold_ratio": 0.6143885807524825,
                "penalty_exhaustion": 0.10408744997503894,
                "penalty_factor": 0.17167682980018478,
                "penalty_manipulation": 0.20398854982563888,