{
    "BTC/USDC:USDC": [
        {
            "profit": 65.07739348390001,
            "params": {
                "mode": "conservative",
                "multiplier": 1.7248461136401008,
                "adx_threshold": 16,
                "rsi_buy_threshold": 26,
                "rsi_sell_threshold": 78,
                "sl_multiplier_aggressive": 1.200817439771166,
                "tp_multiplier_aggressive": 2.956607121309072,
                "sl_multiplier_conservative": 1.8192898791056644,
                "tp_multiplier_conservative": 3.0844140485211784,
                "volume_threshold_ratio": 0.482342462539817,
                "atr_threshold_ratio": 0.5181447547635598,
                "block_lateral_market": false,
                "weights_trend": 0.2547869961297976,
                "weights_momentum": 0.22928269695051334,
                "weights_oscillators": 0.1523066869485875,
                "weights_price_action": 0.2279900276085805,
                "weights_price_levels": 0.13563359236252107
            }
        },
        {
            "profit": 48.0389843426,
            "params": {
                "mode": "conservative",
                "multiplier": 1.8384454285030016,
                "adx_threshold": 16,
                "rsi_buy_threshold": 30,
                "rsi_sell_threshold": 76,
                "sl_multiplier_aggressive": 1.1453418922564746,
                "tp_multiplier_aggressive": 3.1988092063628115,
                "sl_multiplier_conservative": 1.863118856857076,
                "tp_multiplier_conservative": 3.3260059081235696,
                "volume_threshold_ratio": 0.3612085138134077,
                "atr_threshold_ratio": 0.6636728861415352,
                "block_lateral_market": false,
                "weights_trend": 0.23955748592541612,
                "weights_momentum": 0.1263476989112873,
                "weights_oscillators": 0.27404143013713267,
                "weights_price_action": 0.1950097814675489,
                "weights_price_levels": 0.16504360355861492
            }
        },
        {
            "profit": 41.4664880654,
            "params": {
                "mode": "conservative",
                "multiplier": 1.7423506025105662,
                "adx_threshold": 14,
                "rsi_buy_threshold": 26,
                "rsi_sell_threshold": 78,
                "sl_multiplier_aggressive": 1.165745320277308,
                "tp_multiplier_aggressive": 2.9052284737645437,
                "sl_multiplier_conservative": 1.7648285970448143,
                "tp_multiplier_conservative": 3.3258277708718333,
                "volume_threshold_ratio": 0.49624822412148567,
                "atr_threshold_ratio": 0.5121887500903557,
                "block_lateral_market": false,
                "weights_trend": 0.2726414305247876,
                "weights_momentum": 0.13455085330583647,
                "weights_oscillators": 0.15892910499096904,
                "weights_price_action": 0.28541719872603477,
                "weights_price_levels": 0.1484614124523721
            }
        }
    ],
    "ETH/USDC:USDC": [
        {
            "profit": 74.26206764704045,
            "params": {
                "mode": "aggressive",
                "multiplier": 1.4648801954945099,
                "adx_threshold": 21,
                "rsi_buy_threshold": 20,
                "rsi_sell_threshold": 76,
                "sl_multiplier_aggressive": 2.093170613967948,
                "tp_multiplier_aggressive": 3.3118706332738133,
                "sl_multiplier_conservative": 2.0551830040518015,
                "tp_multiplier_conservative": 3.2384966575997693,
                "volume_threshold_ratio": 0.21296557356198528,
                "atr_threshold_ratio": 0.39892157777795406,
                "block_lateral_market": false,
                "weights_trend": 0.281525718888354,
                "weights_momentum": 0.12939296852877813,
                "weights_oscillators": 0.17295058046207568,
                "weights_price_action": 0.27012416588707955,
                "weights_price_levels": 0.14600656623371275
            }
        },
        {
            "profit": 18.553672323771004,
            "params": {
                "mode": "conservative",
                "multiplier": 1.2881339060398183,
                "adx_threshold": 25,
                "rsi_buy_threshold": 40,
                "rsi_sell_threshold": 76,
                "sl_multiplier_aggressive": 1.7517244481376468,
                "tp_multiplier_aggressive": 2.1562045797748297,
                "sl_multiplier_conservative": 2.1065399214290332,
                "tp_multiplier_conservative": 2.9463991239988347,
                "volume_threshold_ratio": 0.4301808059816269,
                "atr_threshold_ratio": 0.48288381449356305,
                "block_lateral_market": false,
                "weights_trend": 0.24677464443206953,
                "weights_momentum": 0.17010092914410763,
                "weights_oscillators": 0.10452621799873828,
                "weights_price_action": 0.33719069332542884,
                "weights_price_levels": 0.14140751509965582
            }
        },
        {
            "profit": 4.850975461205307,
            "params": {
                "mode": "aggressive",
                "multiplier": 1.0537669295100494,
                "adx_threshold": 20,
                "rsi_buy_threshold": 29,
                "rsi_sell_threshold": 66,
                "sl_multiplier_aggressive": 2.7725349452098316,
                "tp_multiplier_aggressive": 3.6298794448324356,
                "sl_multiplier_conservative": 2.617040164213072,
                "tp_multiplier_conservative": 2.184442008011423,
                "volume_threshold_ratio": 0.43294492587122996,
                "atr_threshold_ratio": 0.44456506423229203,
                "block_lateral_market": false,
                "weights_trend": 0.12490434246738427,
                "weights_momentum": 0.1387414494915095,
                "weights_oscillators": 0.19955928677268744,
                "weights_price_action": 0.2623396975636347,
                "weights_price_levels": 0.2744552237047841
            }
        }
    ],
    "SOL/USDC:USDC": [
        {
            "profit": 90.54466645310025,
            "params": {
                "mode": "aggressive",
                "multiplier": 1.7816625261705834,
                "adx_threshold": 26,
                "rsi_buy_threshold": 23,
                "rsi_sell_threshold": 73,
                "sl_multiplier_aggressive": 1.6111626292041754,
                "tp_multiplier_aggressive": 2.2566818586089066,
                "sl_multiplier_conservative": 1.166537522573109,
                "tp_multiplier_conservative": 3.794476390793185,
                "volume_threshold_ratio": 0.3699277769730234,
                "atr_threshold_ratio": 0.5535444893018715,
                "block_lateral_market": false,
                "weights_trend": 0.15019377450221855,
                "weights_momentum": 0.1395645473593484,
                "weights_oscillators": 0.17142804899488093,
                "weights_price_action": 0.296512853586664,
                "weights_price_levels": 0.24230077555688817
            }
        },
        {
            "profit": 82.13620919664616,
            "params": {
                "mode": "aggressive",
                "multiplier": 1.8189033786866422,
                "adx_threshold": 30,
                "rsi_buy_threshold": 31,
                "rsi_sell_threshold": 73,
                "sl_multiplier_aggressive": 1.3974043998763166,
                "tp_multiplier_aggressive": 2.6293196526293445,
                "sl_multiplier_conservative": 1.910478157318942,
                "tp_multiplier_conservative": 3.9898852946299064,
                "volume_threshold_ratio": 0.37754202198420206,
                "atr_threshold_ratio": 0.5539668900923033,
                "block_lateral_market": false,