{
    "BTC/USDC:USDC": [
        {
            "profit": 62.16906900000001,
            "params": {
                "mode": "aggressive",
                "multiplier": 1.6035234475874878,
                "adx_threshold": 40,
                "rsi_buy_threshold": 36,
                "rsi_sell_threshold": 75,
                "sl_multiplier_aggressive": 1.445592031499569,
                "tp_multiplier_aggressive": 2.442875830645527,
                "sl_multiplier_conservative": 2.575282275818757,
                "tp_multiplier_conservative": 3.225637258366955,
                "volume_threshold_ratio": 0.5478724837782315,
                "atr_threshold_ratio": 0.5037752188384318,
                "block_lateral_market": false,
                "weights_trend": 0.2016589036158832,
                "weights_momentum": 0.11719050628333093,
                "weights_oscillators": 0.14277354473545698,
                "weights_price_action": 0.2804109606002125,
                "weights_price_levels": 0.25796608476511645
            }
        },
        {
            "profit": 59.92629000000001,
            "params": {
                "mode": "aggressive",
                "multiplier": 1.6453980973223985,
                "adx_threshold": 40,
                "rsi_buy_threshold": 36,
                "rsi_sell_threshold": 75,
                "sl_multiplier_aggressive": 2.2408714116803354,
                "tp_multiplier_aggressive": 2.448086514054897,
                "sl_multiplier_conservative": 2.3309222998165864,
                "tp_multiplier_conservative": 3.204748987060462,
                "volume_threshold_ratio": 0.5366444798321294,
                "atr_threshold_ratio": 0.5041743267557374,
                "block_lateral_market": false,
                "weights_trend": 0.1750623809089692,
                "weights_momentum": 0.10036834412150494,
                "weights_oscillators": 0.21709058322820335,
                "weights_price_action": 0.28042637657796754,
                "weights_price_levels": 0.22705231516335495
            }
        },
        {
            "profit": 47.83723199999999,
            "params": {
                "mode": "aggressive",
                "multiplier": 1.8691280613966688,
                "adx_threshold": 40,
                "rsi_buy_threshold": 37,
                "rsi_sell_threshold": 71,
                "sl_multiplier_aggressive": 1.3126114018795265,
                "tp_multiplier_aggressive": 2.5068196422552553,
                "sl_multiplier_conservative": 2.9309119658794964,
                "tp_multiplier_conservative": 3.142942059402165,
                "volume_threshold_ratio": 0.4453971581648781,
                "atr_threshold_ratio": 0.5083056732449732,
                "block_lateral_market": false,
                "weights_trend": 0.16732309141247487,
                "weights_momentum": 0.1571981473498484,
                "weights_oscillators": 0.20716130027958873,
                "weights_price_action": 0.2931968962199574,
                "weights_price_levels": 0.17512056473813062
            }
        }
    ],
    "ETH/USDC:USDC": [
        {
            "profit": 129.20062730000032,
            "params": {
                "mode": "aggressive",
                "multiplier": 1.123973225601106,
                "adx_threshold": 33,
                "rsi_buy_threshold": 32,
                "rsi_sell_threshold": 76,
                "sl_multiplier_aggressive": 2.354023414387096,
                "tp_multiplier_aggressive": 3.1972176581549534,
                "sl_multiplier_conservative": 2.675707998720248,
                "tp_multiplier_conservative": 2.176409767712024,
                "volume_threshold_ratio": 0.4224523118270211,
                "atr_threshold_ratio": 0.4309909711332716,
                "block_lateral_market": false,
                "weights_trend": 0.2732345897182579,
                "weights_momentum": 0.19253138274584672,
                "weights_oscillators": 0.1448210535842532,
                "weights_price_action": 0.1778630201526349,
                "weights_price_levels": 0.21154995379900732
            }
        },
        {
            "profit": 109.75949900000022,
            "params": {
                "mode": "aggressive",
                "multiplier": 1.0020876214404644,
                "adx_threshold": 32,
                "rsi_buy_threshold": 28,
                "rsi_sell_threshold": 77,
                "sl_multiplier_aggressive": 2.6738450670924787,
                "tp_multiplier_aggressive": 3.464441136217041,
                "sl_multiplier_conservative": 2.793209268790427,
                "tp_multiplier_conservative": 2.133859547969241,
                "volume_threshold_ratio": 0.4852987394074177,
                "atr_threshold_ratio": 0.47550481222184005,
                "block_lateral_market": false,
                "weights_trend": 0.1828917135436748,
                "weights_momentum": 0.179754542085724,
                "weights_oscillators": 0.18865076755676624,
                "weights_price_action": 0.2916571180193267,
                "weights_price_levels": 0.1570458587945082
            }
        },
        {
            "profit": 98.90776519999993,
            "params": {
                "mode": "aggressive",
                "multiplier": 1.1132114586723476,
                "adx_threshold": 33,
                "rsi_buy_threshold": 32,
                "rsi_sell_threshold": 75,
                "sl_multiplier_aggressive": 2.3170659402236082,
                "tp_multiplier_aggressive": 3.1964021024416285,
                "sl_multiplier_conservative": 2.1150077976291715,
                "tp_multiplier_conservative": 2.47586692791422,
                "volume_threshold_ratio": 0.491545607978399,
                "atr_threshold_ratio": 0.4330863798030892,
                "block_lateral_market": false,
                "weights_trend": 0.27436079888616594,
                "weights_momentum": 0.18969042203678485,
                "weights_oscillators": 0.13910264528141458,
                "weights_price_action": 0.18721589093356866,
                "weights_price_levels": 0.20963024286206589
            }
        }
    ],
    "SOL/USDC:USDC": [
        {
            "profit": 206.52709989999937,
            "params": {
                "mode": "aggressive",
                "multiplier": 1.3978225846400423,
                "adx_threshold": 35,
                "rsi_buy_threshold": 33,
                "rsi_sell_threshold": 61,
                "sl_multiplier_aggressive": 1.7865263082456002,
                "tp_multiplier_aggressive": 3.626506662040275,
                "sl_multiplier_conservative": 1.6154604955741627,
                "tp_multiplier_conservative": 2.5753892292957596,
                "volume_threshold_ratio": 0.2625774963627012,
                "atr_threshold_ratio": 0.5260512613081535,
                "block_lateral_market": false,
                "weights_trend": 0.24253258876688868,
                "weights_momentum": 0.11316276071597944,
                "weights_oscillators": 0.2212753099622605,
                "weights_price_action": 0.2247437324114638,
                "weights_price_levels": 0.1982856081434076
            }
        },
        {
            "profit": 198.4250716299993,
            "params": {
                "mode": "conservative",
                "multiplier": 1.6034453399018758,
                "adx_threshold": 35,
                "rsi_buy_threshold": 34,
                "rsi_sell_threshold": 80,
                "sl_multiplier_aggressive": 2.0588314854938945,
                "tp_multiplier_aggressive": 3.2275020939263848,
                "sl_multiplier_conservative": 1.3111862870727076,
                "tp_multiplier_conservative": 2.5238835773300763,
                "volume_threshold_ratio": 0.36203011552181086,
                "atr_threshold_ratio": 0.5774412612894011,
                "block_lateral_market": false,